상품명,가격,이미지
[열혈남자세트] 나우푸드 L-아르기닌+마카+아연,"57,800",https://cdn-pro-web-220-151.cdn-nhncommerce.com/nutri2tr3071_godomall_com/data/goods/16/04/27/1000001180/1000001180_main_021.jpg
솔가 폴리코사놀 20mg 100캡슐 2병세트,"59,000",https://cdn-pro-web-220-151.cdn-nhncommerce.com/nutri2tr3071_godomall_com/data/goods/14/12/16/1000000276/1000000276_main_031.jpg
솔가 폴리코사놀 20mg 100캡슐 6병세트,"168,000",https://cdn-pro-web-220-151.cdn-nhncommerce.com/nutri2tr3071_godomall_com/data/goods/15/12/28/1000001062/1000001062_main_033.jpg
솔가 오메가3 EPA DHA 950mg 100소프트젤 3병 세트,"116,400",https://cdn-pro-web-220-151.cdn-nhncommerce.com/nutri2tr3071_godomall_com/data/goods/16/02&/16/1000001077/1000001077_main_076.jpg
나우푸드 L-아르기닌 1000mg 120정 3병 세트,"59,400",https://cdn-pro-web-220-151.cdn-nhncommerce.com/nutri2tr3071_godomall_com/data/goods/16/02/16/1000001078/1000001078_main_061.jpg
솔가 오메가3 EPA DHA 950mg 100소프트젤,"38,800",https://cdn-pro-web-220-151.cdn-nhncommerce.com/nutri2tr3071_godomall_com/data/goods/14/06/20/1000000176/1000000176_main_010.jpg
나우푸드 L-아르기닌 1000mg 120정,"19,800",https://cdn-pro-web-220-151.cdn-nhncommerce.com/nutri2tr3071_godomall_com/data/goods/15/07/02/1000000695/1000000695_main_065.jpg
솔가 폴리코사놀 20mg 100캡슐,"29,500",https://cdn-pro-web-220-151.cdn-nhncommerce.com/nutri2tr3071_godomall_com/data/goods/14/06/20/1000000178/1000000178_main_045.jpg
솔가 달맞이꽃 오일 500mg 180 소프트젤,"17,400",https://cdn-pro-web-220-151.cdn-nhncommerce.com/nutri2tr3071_godomall_com/data/goods/15/02/09/1000000335/1000000335_main_08.jpg
나우푸드 레시틴 1200mg 200소프트젤,"21,500",https://cdn-pro-web-220-151.cdn-nhncommerce.com/nutri2tr3071_godomall_com/data/goods/15/07/06/1000000753/1000000753_main_011.jpg
솔가 식물성 코큐텐 200mg 60캡슐,"49,800",https://cdn-pro-web-220-151.cdn-nhncommerce.com/nutri2tr3071_godomall_com/data/goods/15/06/09/1000000480/1000000480_main_041.jpg
노르딕내추럴스 얼티메이트 오메가3 레몬향 60소프트젤,"31,600",https://cdn-pro-web-220-151.cdn-nhncommerce.com/nutri2tr3071_godomall_com/data/goods/13/10/25/1000000034/1000000034_main_016.jpg
솔가 폴리코사놀 20mg 100캡슐 3병세트,"87,500",https://cdn-pro-web-220-151.cdn-nhncommerce.com/nutri2tr3071_godomall_com/data/goods/16/02/04/1000001070/1000001070_main_01.jpg
노르딕내추럴스 오메가3 레몬향 180 소프트젤,"45,000",https://cdn-pro-web-220-151.cdn-nhncommerce.com/nutri2tr3071_godomall_com/data/goods/15/09/17/1000000965/1000000965_main_010.jpg
,,
,,
,,
,,
,,
,,
,,
,,
,,
,,
