이미지	상품명	가격
https://cdn-pro-web-220-151.cdn-nhncommerce.com/nutri2tr3071_godomall_com/data/goods/13/10/25/1000000033/1000000033_main_075.jpg	노르딕내추럴스 베이비 DHA+비타민 D 2oz (60ml)	"18,100"
https://cdn-pro-web-220-151.cdn-nhncommerce.com/nutri2tr3071_godomall_com/data/goods/17/07/13/1000001639/1000001639_main_075.jpg	YS에코비팜 로얄젤리 21oz 675mg	"24,800"
https://cdn-pro-web-220-151.cdn-nhncommerce.com/nutri2tr3071_godomall_com/data/goods/16/04/27/1000001180/1000001180_main_021.jpg	[열혈남자세트] 나우푸드 L-아르기닌+마카+아연	"57,800"
https://cdn-pro-web-220-151.cdn-nhncommerce.com/nutri2tr3071_godomall_com/data/goods/14/12/16/1000000277/1000000277_main_011.jpg	솔가 에스터C 플러스 1000mg 180정 3병세트	"122,400"
https://cdn-pro-web-220-151.cdn-nhncommerce.com/nutri2tr3071_godomall_com/data/goods/16/08/03/1000001403/1000001403_main_093.jpg	솔가 어드밴스드 멀티빌리언 도필러스 60캡슐 3병세트	"69,500"
https://cdn-pro-web-220-151.cdn-nhncommerce.com/nutri2tr3071_godomall_com/data/goods/14/08/22/1000000212/1000000212_main_076.jpg	솔가 비타민D 1000IU 250소프트겔	"15,500"
https://cdn-pro-web-220-151.cdn-nhncommerce.com/nutri2tr3071_godomall_com/data/goods/14/06/19/1000000168/1000000168_main_049.jpg	솔가 에스터C 플러스 1000mg 180정	"40,800"
https://cdn-pro-web-220-151.cdn-nhncommerce.com/nutri2tr3071_godomall_com/data/goods/14/06/20/1000000174/1000000174_main_047.jpg	솔가 어드밴스드 멀티빌리언 도필러스 60 식물캡슐	"24,800"
https://cdn-pro-web-220-151.cdn-nhncommerce.com/nutri2tr3071_godomall_com/data/goods/17/07/13/1000001643/1000001643_main_028.jpg	YS에코비팜 프로폴리스 1000 90식물성캡슐	"27,400"
https://cdn-pro-web-220-151.cdn-nhncommerce.com/nutri2tr3071_godomall_com/data/goods/21/03/09/1000002782/1000002782_main_067.jpg	라이프익스텐션 투퍼데이 멀티비타민 120정	"28,900"
https://cdn-pro-web-220-151.cdn-nhncommerce.com/nutri2tr3071_godomall_com/data/goods/15/06/09/1000000480/1000000480_main_041.jpg	솔가 식물성 코큐텐 200mg 60캡슐	"49,800"
https://cdn-pro-web-220-151.cdn-nhncommerce.com/nutri2tr3071_godomall_com/data/goods/15/07/06/1000000754/1000000754_main_048.jpg	나우푸드 아연 50mg 250 정	"18,900"
https://cdn-pro-web-220-151.cdn-nhncommerce.com/nutri2tr3071_godomall_com/data/goods/15/06/10/1000000518/1000000518_main_071.jpg	솔가 에스터C 플러스 500mg 비타민 C 100캡슐	"19,800"
		
		
		
		
		
		
		
		
		
		
		
