솔가 오메가3 EPA DHA 950mg 100소프트젤 3병 세트,"116,400",https://cdn-pro-web-220-151.cdn-nhncommerce.com/nutri2tr3071_godomall_com/data/goods/16/02/16/1000001077/1000001077_main_076.jpg
솔가 오메가3 EPA DHA 950mg 100소프트젤,"38,800",https://cdn-pro-web-220-151.cdn-nhncommerce.com/nutri2tr3071_godomall_com/data/goods/14/06/20/1000000176/1000000176_main_010.jpg
노르딕내추럴스 얼티메이트 오메가3 레몬향 60소프트젤,"31,600",https://cdn-pro-web-220-151.cdn-nhncommerce.com/nutri2tr3071_godomall_com/data/goods/13/10/25/1000000034/1000000034_main_016.jpg
노르딕내추럴스 오메가3 레몬향 180 소프트젤,"45,000",https://cdn-pro-web-220-151.cdn-nhncommerce.com/nutri2tr3071_godomall_com/data/goods/15/09/17/1000000965/1000000965_main_010.jpg
솔가 오메가3 피쉬오일 콘센트레이트 240소프트젤,"20,070",https://cdn-pro-web-220-151.cdn-nhncommerce.com/nutri2tr3071_godomall_com/data/goods/14/06/20/1000000175/1000000175_main_01.jpg
소스내추럴스 보스웰리아 추출물 100정,"19,300",https://cdn-pro-web-220-151.cdn-nhncommerce.com/nutri2tr3071_godomall_com/data/goods/16/05/04/1000001212/1000001212_main_096.jpg
솔가 풀 스펙트럼 커큐민 90 소프트젤,"78,400",https://cdn-pro-web-220-151.cdn-nhncommerce.com/nutri2tr3071_godomall_com/data/goods/16/03/29/1000001131/1000001131_main_060.jpg
나우푸드 포다르코 500mg 250베지캡슐,"21,300",https://cdn-pro-web-220-151.cdn-nhncommerce.com/nutri2tr3071_godomall_com/data/goods/18/10/44/1000002061/1000002061_main_08.jpg
노르딕내추럴스 오메가3 레몬향 120 소프트젤,"31,000",https://cdn-pro-web-220-151.cdn-nhncommerce.com/nutri2tr3071_godomall_com/data/goods/15/09/17/1000000964/1000000964_main_027.jpg
가든오브라이프 오션스3 비욘드 오메가3 60소프트젤,"36,400",https://cdn-pro-web-220-151.cdn-nhncommerce.com/nutri2tr3071_godomall_com/data/goods/14/03/27/1000000114/1000000114_main_017.jpg
쿄릭 숙성마늘 홍국 플러스 75캡슐,"24,800",https://cdn-pro-web-220-151.cdn-nhncommerce.com/nutri2tr3071_godomall_com/data/goods/21/11/44/1000002948/1000002948_main_051.jpg
나우푸드 커큐민 강황추출물 120베지캡슐,"40,700",https://cdn-pro-web-220-151.cdn-nhncommerce.com/nutri2tr3071_godomall_com/data/goods/15/09/16/1000000931/1000000931_main_055.jpg
나우푸드 오가닉 슈퍼프루트 노니주스 946ml (32 fl oz),"19,500",https://cdn-pro-web-220-151.cdn-nhncommerce.com/nutri2tr3071_godomall_com/data/goods/18/06/23/1000001951/1000001951_main_048.jpg
,,
,,
,,
,,
,,
,,
,,
,,
,,
,,
,,
