솔가 오메가3 EPA DHA 950mg 100소프트젤 3병 세트,"116,400"
솔가 오메가3 EPA DHA 950mg 100소프트젤,"38,800"
노르딕내추럴스 얼티메이트 오메가3 레몬향 60소프트젤,"31,600"
노르딕내추럴스 오메가3 레몬향 180 소프트젤,"45,000"
솔가 오메가3 피쉬오일 콘센트레이트 240소프트젤,"20,070"
소스내추럴스 보스웰리아 추출물 100정,"19,300"
솔가 풀 스펙트럼 커큐민 90 소프트젤,"78,400"
나우푸드 포다르코 500mg 250베지캡슐,"21,300"
노르딕내추럴스 오메가3 레몬향 120 소프트젤,"31,000"
가든오브라이프 오션스3 비욘드 오메가3 60소프트젤,"36,400"
쿄릭 숙성마늘 홍국 플러스 75캡슐,"24,800"
나우푸드 커큐민 강황추출물 120베지캡슐,"40,700"
나우푸드 오가닉 슈퍼프루트 노니주스 946ml (32 fl oz),"19,500"
솔가 보스웰리아 레진 추출물 350mg 60 식물성 캡슐,"24,500"
쿄릭 숙성 마늘 보충제 300캡슐,"42,800"
나우푸드 글루코사민 콘드로이친 120정,"37,000"
소스네추럴스 웰니스 에피코르 120캡슐,"44,000"
나우푸드 베타글루칸 엑스트라스트렝스 250mg 60캡슐,"21,000"
나우푸드 흑호두 껍질 추출물 500mg 100베지캡슐,"8,100"
자로우포뮬라 판토텐산 애시드 B5 500mg 100캡슐,"14,800"
나우푸드 로얄젤리 1000mg 60소프트젤,"18,400"
쿄릭 숙성 마늘 보충제 200캡슐,"29,500"
나우푸드 EGCg 녹차추출물 400mg 90캡슐,"12,900"
라이프익스텐션 슈퍼 바이오 커큐민 60베지캡슐,"28,500"
