솔가 에스터C 플러스 1000mg 180정,"40,800"
나우푸드 실리마린 밀크씨슬 300mg 200 캡슐 2병세트,"61,800"
나우푸드 실리마린 밀크씨슬 300mg 200 캡슐,"30,900"
솔가 B 컴플렉스 위드 비타민 C 스트레스포뮬러 250정,"31,800"
라이프익스텐션 투퍼데이 멀티비타민 120캡슐,"28,900"
나우푸드 실리마린 밀크씨슬 300mg 200 캡슐 3병세트,"92,700"
블루보넷 킬레이트 마그네슘 60캡슐,"20,800"
블루보넷 L-아르기닌 1000mg 100정,"23,900"
솔가 B 컴플렉스 위드 비타민 C 스트레스포뮬러 250정 3병세트,"95,400"
메가푸드 밸런스 B컴플렉스 60정,"34,000"
[유통기한임박상품] 레인보우라이트 우먼즈 원 멀티비타민 120정,"26,460"
가든오브라이프 비타민코드 B콤플렉스 60베지캡슐,"27,800"
블루보넷 레인포레스트 애니멀 Z 홀푸드 멀티비타민 180츄어블,"32,800"
블루보넷 구연산 칼슘 마그네슘 비타민 D3 180정,"34,800"
나우푸드 무취 마늘영양제 250소프트젤,"19,700"
나우푸드 비타민 D3 2000IU 240소프트젤,"18,900"
레인보우라이트 프리네이탈 임산부 멀티비타민 120정,"35,500"
메가푸드 비타민 B12 에너지 크랜베리 90 구미,"24,900"
뉴트렉스 하와이안 아스타잔틴 4mg 120식물성소프트젤,"45,900"
나우푸드 비타민 D3 5000IU 120소프트젤,"13,500"
나우푸드 비타민 D3 5000IU 240소프트젤,"24,500"
[과다재고] 나우푸드 완두콩 단백질 파우더 무향 340g,"9,630"
나우푸드 L-트립토판 1000mg 60정,"31,500"
블루보넷 레인포레스트 애니멀 Z 칼슘 마그네슘 비타민 D3 바닐라향 90츄어블,"14,800"
