솔가 루테인 40mg 30 소프트젤 3병세트,"73,500"
솔가 오메가3 EPA DHA 950mg 100소프트젤 3병 세트,"116,400"
솔가 오메가3 EPA DHA 950mg 100소프트젤,"38,800"
솔가 루테인 40mg 30 소프트젤,"24,500"
네이처스웨이 징크골드 아이즈 빌베리 60정,"39,600"
노르딕내추럴스 얼티메이트 오메가3 레몬향 60소프트젤,"31,600"
노르딕내추럴스 오메가3 레몬향 180 소프트젤,"45,000"
솔가 EFA 1300mg 오메가 3 6 9 120소프트젤,"36,800"
나우푸드 루테인 20mg 90캡슐,"24,800"
솔가 오메가3 피쉬오일 콘센트레이트 240소프트젤,"20,070"
노르딕내추럴스 얼티메이트 오메가 코큐텐 60 소프트젤,"39,800"
노르딕내추럴스 얼티메이트 오메가 2X 레몬향 2150mg 120 소프트젤,"93,200"
자로우 루테인 20mg 60소프트젤,"16,740"
노르딕내추럴스 얼티메이트 오메가 2X 딸기향 1120mg 60 미니 소프트젤,"38,200"
노르딕내추럴스 얼티메이트 오메가 D3 레몬향 60 소프트젤,"30,000"
노르딕내추럴스 오메가3 레몬향 120 소프트젤,"31,000"
나우푸드 루테인 지아잔틴 60소프트젤,"24,800"
뉴트렉스 하와이안 아스타잔틴 12mg 75식물성소프트젤,"64,500"
노르딕내추럴스 오메가 비전 1460mg 60소프트젤,"49,500"
컨트리라이프 루테인 20mg 60소프트겔,"29,900"
"컨트리라이프 오메가3 피쉬오일 1,000mg 100소프트겔","17,500"
솔가 아스타잔틴 5mg 60 소프트젤,"33,900"
솔가 루테인 20mg 60 소프트젤,"29,500"
노르딕내추럴스 얼티메이트 오메가-D3 스포츠 60소프트젤,"38,900"
