솔가 루테인 40mg 30 소프트젤 3병세트,,,,"73,500",https://cdn-pro-web-220-151.cdn-nhncommerce.com/nutri2tr3071_godomall_com/data/goods/16/08/03/1000001405/1000001405_main_072.jpg
솔가 루테인 40mg 30 소프트젤,,,,"24,500",https://cdn-pro-web-220-151.cdn-nhncommerce.com/nutri2tr3071_godomall_com/data/goods/15/06/10/1000000538/1000000538_main_085.jpg
네이처스웨이 징크골드 아이즈 빌베리 60정,,,,"39,600",https://cdn-pro-web-220-151.cdn-nhncommerce.com/nutri2tr3071_godomall_com/data/goods/13/10/29/1000000062/1000000062_main_034.jpg
나우푸드 루테인 20mg 90캡슐,,,,"24,800",https://cdn-pro-web-220-151.cdn-nhncommerce.com/nutri2tr3071_godomall_com/data/goods/15/07/06/1000000755/1000000755_main_041.jpg
자로우 루테인 20mg 60소프트젤,,,,"16,740",https://cdn-pro-web-220-151.cdn-nhncommerce.com/nutri2tr3071_godomall_com/data/goods/16/04/26/1000001159/1000001159_main_054.jpg
나우푸드 루테인 지아잔틴 60소프트젤,,,,"24,800",https://cdn-pro-web-220-151.cdn-nhncommerce.com/nutri2tr3071_godomall_com/data/goods/21/04/17/1000002840/1000002840_main_091.jpg
노르딕내추럴스 오메가 비전 1460mg 60소프트젤,,,,"49,500",https://cdn-pro-web-220-151.cdn-nhncommerce.com/nutri2tr3071_godomall_com/data/goods/19/07/28//1000002162/1000002162_main_0100.jpg
컨트리라이프 루테인 20mg 60소프트겔,,,,"29,900",https://cdn-pro-web-220-151.cdn-nhncommerce.com/nutri2tr3071_godomall_com/data/goods/15/06/01/1000000424/1000000424_main_046.jpg
솔가 루테인 20mg 60 소프트젤,,,,"29,500",https://cdn-pro-web-220-151.cdn-nhncommerce.com/nutri2tr3071_godomall_com/data/goods/19/02/08//1000002144/1000002144_main_035.jpg
"자로우 블랙커런트&루테인 복합제, 60캡슐",,,,"27,900",https://cdn-pro-web-220-151.cdn-nhncommerce.com/nutri2tr3071_godomall_com/data/goods/16/04/26/1000001163/1000001163_main_057.jpg
나우푸드 루테인 10mg 120소프트젤,,,,"22,000",https://cdn-pro-web-220-151.cdn-nhncommerce.com/nutri2tr3071_godomall_com/data/goods/16/05/02/1000001208/1000001208_main_086.jpg
[유통기한임박상품] 솔가 루테인 40mg 30 소프트젤,,,,"15,930",https://cdn-pro-web-220-151.cdn-nhncommerce.com/nutri2tr3071_godomall_com/data/goods/24/08/35/1000003049/1000000538_main_085.jpg
,,,,,
,,,,,
,,,,,
,,,,,
,,,,,
,,,,,
,,,,,
