솔가 루테인 40mg 30 소프트젤 3병세트,,,,"73,500"
솔가 루테인 40mg 30 소프트젤,,,,"24,500"
네이처스웨이 징크골드 아이즈 빌베리 60정,,,,"39,600"
나우푸드 루테인 20mg 90캡슐,,,,"24,800"
자로우 루테인 20mg 60소프트젤,,,,"16,740"
나우푸드 루테인 지아잔틴 60소프트젤,,,,"24,800"
노르딕내추럴스 오메가 비전 1460mg 60소프트젤,,,,"49,500"
컨트리라이프 루테인 20mg 60소프트겔,,,,"29,900"
솔가 루테인 20mg 60 소프트젤,,,,"29,500"
"자로우 블랙커런트&루테인 복합제, 60캡슐",,,,"27,900"
나우푸드 루테인 10mg 120소프트젤,,,,"22,000"
[유통기한임박상품] 솔가 루테인 40mg 30 소프트젤,,,,"15,930"
네이처스웨이 비전 빌베리 루테인 60캡슐,,,,"24,600"
솔가 빌베리 징코 아이브라이트 컴플렉스 플러스 루테인 60캡슐 3병 세트,,,,"74,400"
솔가 빌베리 징코 아이브라이트 컴플렉스 플러스 루테인 60캡슐,,,,"39,500"
솔가 빌베리 징코 아이브라이트 컴플렉스 플러스 루테인 60캡슐 6병세트,,,,"124,800"
자로우 빌베리+그레이프스킨 폴리페놀 120캡슐,,,,"33,000"
솔가 루테인 라이코펜 카로틴 컴플렉스 30캡슐,,,,"18,300"
솔가 루테인 카로티노이드 콤플렉스 30캡슐,,,,"17,400"
