상품명,가격
[열혈남자세트] 나우푸드 L-아르기닌+마카+아연,"57,800"
나우푸드 L-아르기닌 1000mg 120정 3병 세트,"59,400"
나우푸드 L-아르기닌 1000mg 120정,"19,800"
"솔가 L-아르기닌 1,000mg 90정","24,600"
블루보넷 L-아르기닌 1000mg 100정,"23,900"
블루보넷 타겟 초이스 블러드 프레셔 90식물성캡슐,"41,100"
소스내추럴스 L-아르기닌 프리폼 1000mg 100정,"19,800"
나우푸드 L-아르기닌 500mg 250베지캡슐,"22,500"
컨트리라이프 L 아르기닌 500mg 100캡슐,"18,800"
닥터스베스트 서방형 아르기닌 120정,"29,800"
소스내추럴 아르기닌 100정+ 마카 60정,"30,900"
닥터스베스트 니트로시진 아르기닌 60정,"39,600"
컨트리라이프 맥스 아미노 90캡슐,"19,900"
1+1나우푸드 L-아르기닌 1000mg 120정,"32,900"
솔가 L-아르기닌 500mg 250 식물성캡슐,"27,500"
자로우 L-아르기닌 1000mg 100정,"16,740"
자로우 아르기닌+오르니틴 750mg 100정,"15,810"
"솔가 L-아르기닌 1,000mg 90정 3병세트","47,700"
나우푸드 L-아르기닌 파우더 1lbs(454g),"32,600"
