이미지,상품명,가격
https://cdn-pro-web-220-151.cdn-nhncommerce.com/nutri2tr3071_godomall_com/data/goods/17/09/20/1000001668/1000001668_main_055.jpg,나우푸드 실리마린 밀크씨슬 300mg 200 캡슐 2병세트,"61,800"
https://cdn-pro-web-220-151.cdn-nhncommerce.com/nutri2tr3071_godomall_com/data/goods/15/09/16/1000000897/1000000897_main_077.jpg,나우푸드 실리마린 밀크씨슬 300mg 200 캡슐,"30,900"
https://cdn-pro-web-220-151.cdn-nhncommerce.com/nutri2tr3071_godomall_com/data/goods/15/09/08/1000000869/1000000869_main_082.jpg,솔가 밀크씨슬 250 캡슐,"48,800"
https://cdn-pro-web-220-151.cdn-nhncommerce.com/nutri2tr3071_godomall_com/data/goods/16/08/04/1000001413/1000001413_main_06.jpg,나우푸드 실리마린 밀크씨슬 300mg 200 캡슐 3병세트,"92,700"
https://cdn-pro-web-220-151.cdn-nhncommerce.com/nutri2tr3071_godomall_com/data/goods/14/03/27/1000000156/1000000156_main_027.jpg,네이처스웨이 밀크씨슬 120캡슐,"33,600"
https://cdn-pro-web-220-151.cdn-nhncommerce.com/nutri2tr3071_godomall_com/data/goods/15/08/17/1000000834/1000000834_main_048.jpg,[유통기한임박상품] 자로우 밀크씨슬 150mg 100캡슐,"7,120"
https://cdn-pro-web-220-151.cdn-nhncommerce.com/nutri2tr3071_godomall_com/data/goods/18/06/26/1000001958/1000001958_main_015.jpg,블루보넷 타겟 초이스 리버 디톡스 60식물성캡슐,"39,600"
https://cdn-pro-web-220-151.cdn-nhncommerce.com/nutri2tr3071_godomall_com/data/goods/15/09/08/1000000880/1000000880_main_072.jpg,자로우 밀크씨슬 150mg 100 캡슐 2개 세트,"29,760"
https://cdn-pro-web-220-151.cdn-nhncommerce.com/nutri2tr3071_godomall_com/data/goods/21/04/14/1000002807/1000002807_main_022.jpg,라이프익스텐션 어드밴스드 밀크씨슬 120 소프트젤,"35,600"
https://cdn-pro-web-220-151.cdn-nhncommerce.com/nutri2tr3071_godomall_com/data/goods/20/02/07/1000002196/1000002196_main_07.jpg,네이처스웨이 밀크씨슬 120캡슐 3병세트,"99,000"
https://cdn-pro-web-220-151.cdn-nhncommerce.com/nutri2tr3071_godomall_com/data/goods/21/01/03/1000002765/1000002765_main_058.jpg,자로우 밀크씨슬 150mg 200캡슐,"27,900"
https://cdn-pro-web-220-151.cdn-nhncommerce.com/nutri2tr3071_godomall_com/data/goods/16/08/04/1000001411/1000001411_main_086.jpg,솔가 밀크씨슬 250 캡슐 3병세트,"146,400"
